target_gene,in_k562,in_rpe1,n_sources,coverage_class
2xHAR.437,False,False,0,MISSING
HACNS188,False,False,0,MISSING
HACNS719,False,False,0,MISSING
HACNS549,False,False,0,MISSING
HACNS238,False,False,0,MISSING
HACNS643,False,False,0,MISSING
HACNS336,False,False,0,MISSING
HACNS682,False,False,0,MISSING
2xHAR.67,False,False,0,MISSING
HACNS129,False,False,0,MISSING
2xHAR.87,False,False,0,MISSING
2xHAR.70,False,False,0,MISSING
2xHAR.132,False,False,0,MISSING
HACNS71,False,False,0,MISSING
HACNS377,False,False,0,MISSING
HACNS99,False,False,0,MISSING
2xHAR.33,False,False,0,MISSING
2xHAR.186,False,False,0,MISSING
2xHAR.419,False,False,0,MISSING
HACNS105,False,False,0,MISSING
HAR25,False,False,0,MISSING
HACNS925,False,False,0,MISSING
2xHAR.346,False,False,0,MISSING
HACNS563,False,False,0,MISSING
HACNS780,False,False,0,MISSING
2xHAR.13,False,False,0,MISSING
HACNS295,False,False,0,MISSING
HACNS860,False,False,0,MISSING
HACNS67,False,False,0,MISSING
HAR67,False,False,0,MISSING
2xHAR.39,False,False,0,MISSING
HACNS588,False,False,0,MISSING
HAR190,False,False,0,MISSING
2xHAR.333,False,False,0,MISSING
2xHAR.65,False,False,0,MISSING
HACNS712,False,False,0,MISSING
HACNS439,False,False,0,MISSING
HACNS761,False,False,0,MISSING
2xHAR.17,False,False,0,MISSING
2xHAR.492,False,False,0,MISSING
HACNS762,False,False,0,MISSING
2xHAR.332,False,False,0,MISSING
2xHAR.62,False,False,0,MISSING
HACNS909,False,False,0,MISSING
HAR184,False,False,0,MISSING
2xHAR.446,False,False,0,MISSING
HACNS674,False,False,0,MISSING
HACNS754,False,False,0,MISSING
HACNS33,False,False,0,MISSING
HACNS332,False,False,0,MISSING
2xHAR.213,False,False,0,MISSING
2xHAR.49,False,False,0,MISSING
2xHAR.536,False,False,0,MISSING
HACNS522,False,False,0,MISSING
HACNS786,False,False,0,MISSING
HACNS880,False,False,0,MISSING
HAR169,False,False,0,MISSING
2xHAR.20,False,False,0,MISSING
HACNS480,False,False,0,MISSING
2xHAR.385,False,False,0,MISSING
HACNS278,False,False,0,MISSING
HACNS659,False,False,0,MISSING
HAR149,False,False,0,MISSING
HACNS196,False,False,0,MISSING
HACNS584,False,False,0,MISSING
HACNS915,False,False,0,MISSING
HACNS587,False,False,0,MISSING
2xHAR.3,False,False,0,MISSING
HACNS772,False,False,0,MISSING
HACNS865,False,False,0,MISSING
2xHAR.30,False,False,0,MISSING
2xHAR.531,False,False,0,MISSING
HACNS722,False,False,0,MISSING
HACNS607,False,False,0,MISSING
HACNS694,False,False,0,MISSING
2xHAR.256,False,False,0,MISSING
HACNS205,False,False,0,MISSING
HACNS858,False,False,0,MISSING
HACNS686,False,False,0,MISSING
HACNS927,False,False,0,MISSING
HACNS259,False,False,0,MISSING
2xHAR.24,False,False,0,MISSING
HACNS198,False,False,0,MISSING
HACNS734,False,False,0,MISSING
HACNS96,False,False,0,MISSING
2xHAR.235,False,False,0,MISSING
2xHAR.487,False,False,0,MISSING
HACNS703,False,False,0,MISSING
2xHAR.509,False,False,0,MISSING
HACNS763,False,False,0,MISSING
HACNS698,False,False,0,MISSING
HACNS551,False,False,0,MISSING
2xHAR.128,False,False,0,MISSING
2xHAR.183,False,False,0,MISSING
2xHAR.313,False,False,0,MISSING
2xHAR.165,False,False,0,MISSING
2xHAR.274,False,False,0,MISSING
HACNS15,False,False,0,MISSING
HACNS870,False,False,0,MISSING
HAR181,False,False,0,MISSING
HAR202,False,False,0,MISSING
2xHAR.352,False,False,0,MISSING
2xHAR.82,False,False,0,MISSING
HACNS174,False,False,0,MISSING
HAR116,False,False,0,MISSING
2xHAR.377,False,False,0,MISSING
2xHAR.116,False,False,0,MISSING
2xHAR.471,False,False,0,MISSING
HACNS805,False,False,0,MISSING
2xHAR.287,False,False,0,MISSING
HACNS635,False,False,0,MISSING
2xHAR.238,False,False,0,MISSING
HACNS325,False,False,0,MISSING
HACNS583,False,False,0,MISSING
2xHAR.51,False,False,0,MISSING
HACNS125,False,False,0,MISSING
2xHAR.240,False,False,0,MISSING
HAR17,False,False,0,MISSING
HACNS50,False,False,0,MISSING
HACNS636,False,False,0,MISSING
2xHAR.223,False,False,0,MISSING
HACNS497,False,False,0,MISSING
HACNS656,False,False,0,MISSING
2xHAR.491,False,False,0,MISSING
HAR165,False,False,0,MISSING
HACNS454,False,False,0,MISSING
HACNS442,False,False,0,MISSING
HACNS149,False,False,0,MISSING
HACNS544,False,False,0,MISSING
HACNS567,False,False,0,MISSING
2xHAR.258,False,False,0,MISSING
HACNS239,False,False,0,MISSING
HACNS798,False,False,0,MISSING
2xHAR.135,False,False,0,MISSING
HACNS962,False,False,0,MISSING
2xHAR.435,False,False,0,MISSING
HACNS420,False,False,0,MISSING
HAR160,False,False,0,MISSING
2xHAR.341,False,False,0,MISSING
HAR108,False,False,0,MISSING
cont-TFRC,False,False,0,MISSING
2xHAR.177,False,False,0,MISSING
HAR154,False,False,0,MISSING
HAR106,False,False,0,MISSING
HAR156,False,False,0,MISSING
HACNS964,False,False,0,MISSING
HACNS924,False,False,0,MISSING
HACNS968,False,False,0,MISSING
HAR198,False,False,0,MISSING
2xHAR.99,False,False,0,MISSING
HACNS684,False,False,0,MISSING
HACNS975,False,False,0,MISSING
2xHAR.215,False,False,0,MISSING
HACNS851,False,False,0,MISSING
HAR93,False,False,0,MISSING
HACNS38,False,False,0,MISSING
HACNS457,False,False,0,MISSING
HACNS579,False,False,0,MISSING
HACNS671,False,False,0,MISSING
HACNS901,False,False,0,MISSING
2xHAR.510,False,False,0,MISSING
HAR172,False,False,0,MISSING
HACNS155,False,False,0,MISSING
HACNS938,False,False,0,MISSING
HACNS735,False,False,0,MISSING
HACNS976,False,False,0,MISSING
cont-GRN,False,False,0,MISSING
HACNS10,False,False,0,MISSING
2xHAR.234,False,False,0,MISSING
HACNS368,False,False,0,MISSING
HACNS255,False,False,0,MISSING
HACNS76,False,False,0,MISSING
2xHAR.305,False,False,0,MISSING
cont-RAB1A,False,False,0,MISSING
HACNS464,False,False,0,MISSING
HACNS839,False,False,0,MISSING
2xHAR.180,False,False,0,MISSING
HACNS52,False,False,0,MISSING
HACNS426,False,False,0,MISSING
HACNS383,False,False,0,MISSING
cont-UBQLN,False,False,0,MISSING
2xHAR.310,False,False,0,MISSING
2xHAR.413,False,False,0,MISSING
HACNS423,False,False,0,MISSING
