id,smiles,moa_raw,moa_cluster,mtor_pi3k_score,hsp90_score,jak_rock_score,hdac_score,mapk_score,cdk_score,pred_moa
JHSXDAWGLCZYSM-UHFFFAOYSA-N,Cc1cc(Cl)ccc1OCCCC(O)=NO,['HDAC6'],hdac,0.038341697,0.21298766,0.015336178,0.52028424,0.12134429,0.07134975,hdac
MXJWRABVEGLYDG-UHFFFAOYSA-N,CCCCOc1ccc(CC(O)=NO)cc1,['HDAC6'],hdac,0.010486551,0.18343462,0.012692207,0.46616936,0.097203165,0.062497288,hdac
CANBMWXJDLUDFF-UHFFFAOYSA-N,Cc1ccc(N=C2CC(=O)c3sc(C)nc3C2=O)cc1,['CDK4'],cdk,0.0358972,0.11155928,-0.015944974,0.15143014,0.002908605,0.014652216,hdac
KFAKESMKRPNZTM-UHFFFAOYSA-N,COc1ccc(OC)c2c(=S)c3ccccc3[nH]c12,['CDK4'],cdk,0.19814253,0.07020694,0.061183874,-0.048299383,-0.020787964,0.025013277,mtor_pi3k
QFWCYNPOPKQOKV-UHFFFAOYSA-N,COc1cccc(-c2cc(=O)c3ccccc3o2)c1N,['BRAF'],mapk,0.15823081,0.18347637,-0.010862713,0.052559514,-0.0009917828,-0.03484111,hsp90
FYSRKRZDBHOFAY-UHFFFAOYSA-N,N=C(O)c1ccc(N(C(=N)O)c2c(F)cccc2F)nc1-c1ccc(F)cc1F,['MAP kinase p38 alpha inhibitor'],mapk,0.13352254,0.28780058,0.14093384,0.30083555,0.25753987,0.13402596,hdac
KKKRKRMVJRHDMG-UHFFFAOYSA-N,Cn1c(=O)c(Oc2ccc(F)cc2F)cc2c[nH]c(=NC3CCOCC3)nc21,['MAP kinase p38 alpha inhibitor'],mapk,0.4406183,0.32486013,0.21233304,0.09948775,0.26719075,0.28665587,mtor_pi3k
JYYLVUFNAHSSFE-UHFFFAOYSA-N,Cn1c(=O)c(Oc2ccc(F)cc2F)cc2c[nH]c(=NC(CCO)CCO)nc21,['MAP kinase p38 alpha inhibitor'],mapk,0.46775314,0.43952262,0.30880263,0.31651452,0.37337217,0.39138147,mtor_pi3k
PMXCMJLOPOFPBT-UHFFFAOYSA-N,CC(C)C(CO)N=c1nc2c(ncn2C(C)C)c(Nc2cccc(Cl)c2)[nH]1,['CDK2'],cdk,0.41843924,0.37388107,0.3361434,0.17406993,0.3672756,0.48112682,cdk
RAMROQQYRRQPDL-UHFFFAOYSA-N,CC(C)C(CO)N=c1nc2c(ncn2C(C)C)c(Nc2cc(N)cc(Cl)c2)[nH]1,['CDK2'],cdk,0.5549676,0.451437,0.43106917,0.24961306,0.42334136,0.6014691,cdk
HUXYBQXJVXOMKX-UHFFFAOYSA-N,CC(C)CC(O)=Nc1n[nH]c2c1CN(C(=O)C1CCN(C)CC1)C2(C)C,['Cyclin-dependent kinase inhibitor'],cdk,0.09824321,0.09177342,0.14796354,0.05653383,0.10297776,0.13967027,jak_rock
VEPKQEUBKLEPRA-UHFFFAOYSA-N,O=c1ncn2nc(Sc3ccc(F)cc3F)ccc2c1-c1c(Cl)cccc1Cl,['MAP kinase p38 alpha inhibitor'],mapk,0.10677042,0.29214323,0.084057696,0.14082594,0.21143365,0.09353465,hsp90
QHKYPYXTTXKZST-UHFFFAOYSA-N,Oc1ccc(-c2nc(-c3ccncc3)c(-c3ccc(F)cc3)[nH]2)cc1,['MAPK14'],mapk,0.32836798,0.4314816,0.2768873,0.26565808,0.32939056,0.3540688,hsp90
CATQHDWESBRRQA-UHFFFAOYSA-N,O=C(CO)N1CCC(c2n[nH]c(-c3ccc(Cl)cc3)c2-c2ccncn2)CC1,['MAP kinase p38 alpha inhibitor'],mapk,0.33855852,0.28184232,0.35637903,0.09841774,0.2452733,0.23356026,jak_rock
FNHKPVJBJVTLMP-UHFFFAOYSA-N,CNC(=O)c1cc(Oc2ccc(NC(O)=Nc3ccc(Cl)c(C(F)(F)F)c3)c(F)c2)ccn1,"['DDR2', 'Fibroblast growth factor receptor 1 inhibitor', 'Fibroblast growth factor receptor 2 inhibitor', 'MAP kinase p38 beta inhibitor', 'Platelet-derived growth factor receptor inhibitor', 'Serine/threonine-protein kinase B-raf inhibitor', 'Serine/threonine-protein kinase RAF inhibitor', 'Stem cell growth factor receptor inhibitor', 'Tyrosine-protein kinase ABL inhibitor', 'Tyrosine-protein kinase TIE-2 inhibitor', 'Tyrosine-protein kinase receptor RET inhibitor', 'Vascular endothelial growth factor receptor inhibitor']",mapk,-0.012056424,0.087090395,0.018727308,0.10739932,0.14893802,0.08478915,mapk
CDMGBJANTYXAIV-UHFFFAOYSA-N,CS(=O)c1ccc(-c2nc(-c3ccncc3)c(-c3ccc(F)cc3)[nH]2)cc1,['MAPK14'],mapk,0.4145954,0.35374665,0.28856805,0.15552439,0.34005153,0.3363529,mtor_pi3k
BLVQHYHDYFTPDV-UHFFFAOYSA-N,Nc1cc(F)ccc1N=C(O)C=Cc1cnn(CC=Cc2ccccc2)c1,['HDAC3'],hdac,-0.058330327,0.15354308,0.080962196,0.19375144,0.052234378,0.0618774,hdac
KCAJXIDMCNPGHZ-UHFFFAOYSA-N,CN=C(O)c1ccc(C)c(-n2c(C)cc(OCc3ccc(F)cc3F)c(Br)c2=O)c1,['MAP kinase p38 alpha inhibitor'],mapk,0.029101992,0.08219234,-0.067297176,0.07050938,0.10239089,-0.031236142,mapk
XDJCLCLBSGGNKS-UHFFFAOYSA-N,c1cc(OCCN2CCCCC2)cc(-c2n[nH]c3ccc(-c4nc[nH]n4)cc23)c1,['MAPK8'],mapk,0.45374653,0.30024865,0.37180606,0.17871511,0.27523878,0.4839475,cdk
IFGWYHGYNVGVRB-UHFFFAOYSA-N,CC(C)Cn1ncc2cc(Oc3ccc(F)cc3F)c(C(O)=NCCN(C)C)cc21,['MAP kinase p38 alpha inhibitor'],mapk,0.0298148,0.04991589,0.11731559,0.035222497,0.083518796,0.17614965,cdk
KKYABQBFGDZVNQ-UHFFFAOYSA-N,Cc1c(F)cc(C(O)=NC2CC2)cc1-c1ccc(C(O)=NCC(C)(C)C)cn1,"['MAP kinase p38 alpha inhibitor', 'MAP kinase p38 beta inhibitor']",mapk,0.034726556,0.08757814,0.00904927,0.0977858,0.10548673,0.030098123,mapk
GDTQLZHHDRRBEB-UHFFFAOYSA-N,CCCN=C(O)c1cn2[nH]cnc(=Nc3cc(C(O)=NC4CC4)ccc3C)c2c1C,['MAP kinase p38 alpha inhibitor'],mapk,0.36666787,0.22183836,0.17330848,0.118224464,0.2214026,0.25979444,mtor_pi3k
GPXBXXGIAQBQNI-UHFFFAOYSA-N,CCCS(=O)(=O)Nc1ccc(F)c(C(=O)c2c[nH]c3ncc(-c4ccc(Cl)cc4)cc23)c1F,['Serine/threonine-protein kinase B-raf inhibitor'],mapk,0.3413566,0.4547468,0.20857354,0.21665122,0.35103497,0.36019063,hsp90
BFSMGDJOXZAERB-UHFFFAOYSA-N,CC(C)(C)c1nc(-c2cccc(NS(=O)(=O)c3c(F)cccc3F)c2F)c(-c2cc[nH]c(=N)n2)s1,['Serine/threonine-protein kinase B-raf inhibitor'],mapk,0.32952026,0.424116,0.19202764,0.21733923,0.34368053,0.3029847,hsp90
PYEFPDQFAZNXLI-UHFFFAOYSA-N,Cc1ccc(N=C(O)c2cccc(N(C)C)c2)cc1NC(=O)c1ccc(O)cc1,['BRAF'],mapk,-0.0046412083,-0.00063302903,-0.018875925,0.10321622,0.0414672,0.014277804,hdac
YABJJWZLRMPFSI-UHFFFAOYSA-N,Cn1c(Nc2ccc(C(F)(F)F)cc2)nc2cc(Oc3ccnc(-c4nc(C(F)(F)F)c[nH]4)c3)ccc21,"['Serine/threonine-protein kinase B-raf inhibitor', 'Vascular endothelial growth factor receptor 2 inhibitor']",mapk,0.15721235,0.25762674,0.1651846,0.15020873,0.28254527,0.29350433,cdk
HEKAIDKUDLCBRU-UHFFFAOYSA-N,CCc1nc(-c2cccc(C)c2)c(-c2ccnc(N=C(O)c3ccccc3)c2)s1,['MAP kinase p38 alpha inhibitor'],mapk,0.004139215,0.15217374,-0.015446656,0.0016909986,0.0863247,-0.044087518,hsp90
DKNUPRMJNUQNHR-UHFFFAOYSA-N,COc1cc2ncnc(Oc3cccc(N=C(O)N=c4cc(C(C)(C)C(F)(F)F)o[nH]4)c3)c2cc1OC,"['Epidermal growth factor receptor erbB1 inhibitor', 'Serine/threonine-protein kinase B-raf inhibitor', 'Tyrosine-protein kinase receptor RET inhibitor']",mapk,0.3515568,0.3443043,0.25782403,0.15519208,0.37061858,0.41149,cdk
XPPBBJCBDOEXDN-UHFFFAOYSA-N,CC(C)(C)Cn1c(=N)[nH]c2ccc(-c3[nH]c(C(C)(C)C)nc3-c3ccc(F)cc3)nc21,['MAP kinase p38 alpha inhibitor'],mapk,0.27870095,0.32280198,0.18939285,0.16351064,0.34403256,0.36510155,cdk
CGBJSGAELGCMKE-UHFFFAOYSA-N,COc1ncc(-c2ccc3nccc(-c4ccnnc4)c3c2)cc1NS(=O)(=O)c1ccc(F)cc1F,"['PI3-kinase class I inhibitor', 'Serine/threonine-protein kinase mTOR inhibitor']",mtor_pi3k,0.53022975,0.44283214,0.27308825,0.22480536,0.41960427,0.36536017,mtor_pi3k
HNFMVVHMKGFCMB-UHFFFAOYSA-N,Nc1ncccc1-c1nc2ccc(-c3ccccc3)nc2n1-c1ccc(C2(N)CCC2)cc1,['Serine/threonine-protein kinase AKT inhibitor'],mtor_pi3k,0.35586348,0.25969645,0.26847753,0.096143864,0.2920569,0.39903358,cdk
NQQBNZBOOHHVQP-UHFFFAOYSA-N,N=c1[nH]nc(Sc2ncc([N+](=O)[O-])s2)s1,['MAPK8'],mapk,0.16754596,0.18490523,0.08299475,0.24844092,0.11241752,0.19073097,hdac
