dataset,sweep,value,is_reference,winner,overall
jiang24,tau,0.01,False,STACK-Large,-0.494
jiang24,tau,0.03,False,STATE-SE-100M,-0.792
jiang24,tau,0.1,True,scPRINT-2,-0.760
jiang24,tau,0.3,False,PCA,-0.984
jiang24,tau,1.0,False,UCE-4L,-0.648
gse270828,tau,0.01,False,TranscriptFormer,0.779
gse270828,tau,0.03,False,UCE-4L,0.770
gse270828,tau,0.1,True,PCA,0.753
gse270828,tau,0.3,False,scPRINT-2,0.775
gse270828,tau,1.0,False,STATE-SE-100M,0.738
jiang24,seed,2024,False,TranscriptFormer,-0.752
jiang24,seed,2025,False,STACK-Large,-0.515
jiang24,seed,2026,True,scPRINT-2,-0.760
jiang24,seed,2027,False,scPRINT-2,-1.079
gse270828,seed,2024,False,STATE-SE-100M,0.736
gse270828,seed,2025,False,raw,0.603
gse270828,seed,2026,True,PCA,0.753
gse270828,seed,2027,False,raw,0.733
