model_name,checkpoint_name,checkpoint_url,checkpoint_sha256,release_date,pretraining_summary,known_perturbation_pretraining,known_replogle_overlap,known_vcc_overlap,license,status,notes
STATE-SE-100M,SE-100M model.safetensors,https://huggingface.co/arcinstitute/SE-100M,7ee823583ad10c6a12befba6df12dfcd61ac0972deab57be3b4db24a0045af86,unknown,Arc STATE cell-state embedding checkpoint,unknown,unknown,unknown,Arc model license,verified_broad,Installed locally; used only as frozen context encoder in this benchmark
STACK-Large,bc_large.ckpt,https://huggingface.co/arcinstitute/Stack-Large,d388c75891fb26618e6e36054c9819b6a82d6f5bc608baac75994e33ddc8bb81,2026,217M tabular-attention model pretrained on about 150M scBaseCount cells,unknown,unknown,unknown,non-commercial Arc model license,verified_broad,Installed locally; used only as frozen context encoder
UCE-4L,4layer_model.torch,https://figshare.com/ndownloader/files/42706576,acb28f3f0a1d803e4a4ffe891b9bab38bf93c84762dc06b2452f0d515da91560,unknown,Universal cell embedding model,unknown,unknown,unknown,MIT code; weight terms require verification,verified_broad,Official 3403514339-byte file matches Figshare MD5 3e2f59d6da6eaa5396aa297edfcec08f; official command retained 128/128 Replogle K562 cells at dimension 1280
TranscriptFormer-Sapiens,tf_sapiens,https://github.com/czi-ai/transcriptformer,6d01c49f06bb902541243a72939cb21a1f30fea2fc2efd8787e4478b49aa2e05,2025,Human member of a cross-species model family trained on large cell atlases,unknown,unknown,unknown,MIT code; weight terms require verification,verified_broad,Official tf_sapiens directory digest; official inference retained 128/128 Replogle K562 cells at dimension 2048; exact/alias gene mapping fraction 0.9607
scGPT-whole-human,whole-human,https://github.com/bowang-lab/scGPT,AUDIT_REQUIRED,2023,Whole-human checkpoint described as trained on 33M normal human cells,unknown,unknown,unknown,MIT code; weight terms require verification,unknown,Checkpoint folder must contain args.json vocab.json and best_model.pt
scFoundation-100M,models.ckpt,https://github.com/biomap-research/scFoundation,AUDIT_REQUIRED,2023,100M-parameter model trained on over 50M human cells,unknown,unknown,unknown,Apache-2.0 code; weight terms require verification,unknown,Official SharePoint checkpoint requires manual acquisition
scPRINT-2-small-v2,small-v2.ckpt,https://huggingface.co/jkobject/scPRINT,AUDIT_REQUIRED,2026,scPRINT-2 checkpoint from a model family trained on over 350M cells,unknown,unknown,unknown,GPL-3.0 code; weight terms require verification,unknown,Checkpoint not installed; context embedding only until GRN gate passes
TranscriptFormer-CGE,tf_sapiens,https://github.com/czi-ai/transcriptformer,AUDIT_REQUIRED,2025,Same checkpoint as TranscriptFormer cell embeddings,unknown,unknown,unknown,MIT code; weight terms require verification,unknown,Excluded from context matrix until per-target CGE presence gate is evaluated
Geneformer-delete,AUDIT_REQUIRED,https://geneformer.readthedocs.io/,AUDIT_REQUIRED,unknown,Transformer pretrained on single-cell corpora,unknown,unknown,unknown,unknown,unknown,Excluded until deletion-distance versus Replogle effect-magnitude gate passes
scPRINT-2-GRN,small-v2.ckpt,https://huggingface.co/jkobject/scPRINT,AUDIT_REQUIRED,2026,Same checkpoint as scPRINT-2 context encoder,unknown,unknown,unknown,GPL-3.0 code; weight terms require verification,unknown,Excluded until GRN-neighbor enrichment against Replogle DE genes passes
