id,smiles,moa_raw,moa_cluster,in_a549
JHSXDAWGLCZYSM-UHFFFAOYSA-N,Cc1cc(Cl)ccc1OCCCC(O)=NO,['HDAC6'],hdac,
MXJWRABVEGLYDG-UHFFFAOYSA-N,CCCCOc1ccc(CC(O)=NO)cc1,['HDAC6'],hdac,
CANBMWXJDLUDFF-UHFFFAOYSA-N,Cc1ccc(N=C2CC(=O)c3sc(C)nc3C2=O)cc1,['CDK4'],cdk,
KFAKESMKRPNZTM-UHFFFAOYSA-N,COc1ccc(OC)c2c(=S)c3ccccc3[nH]c12,['CDK4'],cdk,
QFWCYNPOPKQOKV-UHFFFAOYSA-N,COc1cccc(-c2cc(=O)c3ccccc3o2)c1N,['BRAF'],mapk,
FYSRKRZDBHOFAY-UHFFFAOYSA-N,N=C(O)c1ccc(N(C(=N)O)c2c(F)cccc2F)nc1-c1ccc(F)cc1F,['MAP kinase p38 alpha inhibitor'],mapk,
KKKRKRMVJRHDMG-UHFFFAOYSA-N,Cn1c(=O)c(Oc2ccc(F)cc2F)cc2c[nH]c(=NC3CCOCC3)nc21,['MAP kinase p38 alpha inhibitor'],mapk,
JYYLVUFNAHSSFE-UHFFFAOYSA-N,Cn1c(=O)c(Oc2ccc(F)cc2F)cc2c[nH]c(=NC(CCO)CCO)nc21,['MAP kinase p38 alpha inhibitor'],mapk,
PMXCMJLOPOFPBT-UHFFFAOYSA-N,CC(C)C(CO)N=c1nc2c(ncn2C(C)C)c(Nc2cccc(Cl)c2)[nH]1,['CDK2'],cdk,
RAMROQQYRRQPDL-UHFFFAOYSA-N,CC(C)C(CO)N=c1nc2c(ncn2C(C)C)c(Nc2cc(N)cc(Cl)c2)[nH]1,['CDK2'],cdk,
HUXYBQXJVXOMKX-UHFFFAOYSA-N,CC(C)CC(O)=Nc1n[nH]c2c1CN(C(=O)C1CCN(C)CC1)C2(C)C,['Cyclin-dependent kinase inhibitor'],cdk,
VEPKQEUBKLEPRA-UHFFFAOYSA-N,O=c1ncn2nc(Sc3ccc(F)cc3F)ccc2c1-c1c(Cl)cccc1Cl,['MAP kinase p38 alpha inhibitor'],mapk,
QHKYPYXTTXKZST-UHFFFAOYSA-N,Oc1ccc(-c2nc(-c3ccncc3)c(-c3ccc(F)cc3)[nH]2)cc1,['MAPK14'],mapk,
CATQHDWESBRRQA-UHFFFAOYSA-N,O=C(CO)N1CCC(c2n[nH]c(-c3ccc(Cl)cc3)c2-c2ccncn2)CC1,['MAP kinase p38 alpha inhibitor'],mapk,
FNHKPVJBJVTLMP-UHFFFAOYSA-N,CNC(=O)c1cc(Oc2ccc(NC(O)=Nc3ccc(Cl)c(C(F)(F)F)c3)c(F)c2)ccn1,"['DDR2', 'Fibroblast growth factor receptor 1 inhibitor', 'Fibroblast growth factor receptor 2 inhibitor', 'MAP kinase p38 beta inhibitor', 'Platelet-derived growth factor receptor inhibitor', 'Serine/threonine-protein kinase B-raf inhibitor', 'Serine/threonine-protein kinase RAF inhibitor', 'Stem cell growth factor receptor inhibitor', 'Tyrosine-protein kinase ABL inhibitor', 'Tyrosine-protein kinase TIE-2 inhibitor', 'Tyrosine-protein kinase receptor RET inhibitor', 'Vascular endothelial growth factor receptor inhibitor']",mapk,
CDMGBJANTYXAIV-UHFFFAOYSA-N,CS(=O)c1ccc(-c2nc(-c3ccncc3)c(-c3ccc(F)cc3)[nH]2)cc1,['MAPK14'],mapk,
BLVQHYHDYFTPDV-UHFFFAOYSA-N,Nc1cc(F)ccc1N=C(O)C=Cc1cnn(CC=Cc2ccccc2)c1,['HDAC3'],hdac,
KCAJXIDMCNPGHZ-UHFFFAOYSA-N,CN=C(O)c1ccc(C)c(-n2c(C)cc(OCc3ccc(F)cc3F)c(Br)c2=O)c1,['MAP kinase p38 alpha inhibitor'],mapk,
XDJCLCLBSGGNKS-UHFFFAOYSA-N,c1cc(OCCN2CCCCC2)cc(-c2n[nH]c3ccc(-c4nc[nH]n4)cc23)c1,['MAPK8'],mapk,
IFGWYHGYNVGVRB-UHFFFAOYSA-N,CC(C)Cn1ncc2cc(Oc3ccc(F)cc3F)c(C(O)=NCCN(C)C)cc21,['MAP kinase p38 alpha inhibitor'],mapk,
KKYABQBFGDZVNQ-UHFFFAOYSA-N,Cc1c(F)cc(C(O)=NC2CC2)cc1-c1ccc(C(O)=NCC(C)(C)C)cn1,"['MAP kinase p38 alpha inhibitor', 'MAP kinase p38 beta inhibitor']",mapk,
GDTQLZHHDRRBEB-UHFFFAOYSA-N,CCCN=C(O)c1cn2[nH]cnc(=Nc3cc(C(O)=NC4CC4)ccc3C)c2c1C,['MAP kinase p38 alpha inhibitor'],mapk,
GPXBXXGIAQBQNI-UHFFFAOYSA-N,CCCS(=O)(=O)Nc1ccc(F)c(C(=O)c2c[nH]c3ncc(-c4ccc(Cl)cc4)cc23)c1F,['Serine/threonine-protein kinase B-raf inhibitor'],mapk,
BFSMGDJOXZAERB-UHFFFAOYSA-N,CC(C)(C)c1nc(-c2cccc(NS(=O)(=O)c3c(F)cccc3F)c2F)c(-c2cc[nH]c(=N)n2)s1,['Serine/threonine-protein kinase B-raf inhibitor'],mapk,
PYEFPDQFAZNXLI-UHFFFAOYSA-N,Cc1ccc(N=C(O)c2cccc(N(C)C)c2)cc1NC(=O)c1ccc(O)cc1,['BRAF'],mapk,
YABJJWZLRMPFSI-UHFFFAOYSA-N,Cn1c(Nc2ccc(C(F)(F)F)cc2)nc2cc(Oc3ccnc(-c4nc(C(F)(F)F)c[nH]4)c3)ccc21,"['Serine/threonine-protein kinase B-raf inhibitor', 'Vascular endothelial growth factor receptor 2 inhibitor']",mapk,
HEKAIDKUDLCBRU-UHFFFAOYSA-N,CCc1nc(-c2cccc(C)c2)c(-c2ccnc(N=C(O)c3ccccc3)c2)s1,['MAP kinase p38 alpha inhibitor'],mapk,
DKNUPRMJNUQNHR-UHFFFAOYSA-N,COc1cc2ncnc(Oc3cccc(N=C(O)N=c4cc(C(C)(C)C(F)(F)F)o[nH]4)c3)c2cc1OC,"['Epidermal growth factor receptor erbB1 inhibitor', 'Serine/threonine-protein kinase B-raf inhibitor', 'Tyrosine-protein kinase receptor RET inhibitor']",mapk,
XPPBBJCBDOEXDN-UHFFFAOYSA-N,CC(C)(C)Cn1c(=N)[nH]c2ccc(-c3[nH]c(C(C)(C)C)nc3-c3ccc(F)cc3)nc21,['MAP kinase p38 alpha inhibitor'],mapk,
CGBJSGAELGCMKE-UHFFFAOYSA-N,COc1ncc(-c2ccc3nccc(-c4ccnnc4)c3c2)cc1NS(=O)(=O)c1ccc(F)cc1F,"['PI3-kinase class I inhibitor', 'Serine/threonine-protein kinase mTOR inhibitor']",mtor_pi3k,
HNFMVVHMKGFCMB-UHFFFAOYSA-N,Nc1ncccc1-c1nc2ccc(-c3ccccc3)nc2n1-c1ccc(C2(N)CCC2)cc1,['Serine/threonine-protein kinase AKT inhibitor'],mtor_pi3k,
NQQBNZBOOHHVQP-UHFFFAOYSA-N,N=c1[nH]nc(Sc2ncc([N+](=O)[O-])s2)s1,['MAPK8'],mapk,
