scale,direction,nmae,cosine,sign_agreement,n_dual_targets,n_common_genes,worst_nmae
0.25,k562_to_rpe1,0.9964314699172974,0.11019501835107803,0.5372662776135585,2390,7093,
0.25,rpe1_to_k562,1.0898349285125732,0.11019501835107803,0.5372662776135585,2390,7093,
0.25,mean,1.0431331992149353,,,2390,7093,1.0898349285125732
0.5,k562_to_rpe1,1.0175881385803223,0.11019501835107803,0.5372662776135585,2390,7093,
0.5,rpe1_to_k562,1.3481594324111938,0.11019501835107803,0.5372662776135585,2390,7093,
0.5,mean,1.182873785495758,,,2390,7093,1.3481594324111938
0.75,k562_to_rpe1,1.0591470003128052,0.11019501835107803,0.5372662776135585,2390,7093,
0.75,rpe1_to_k562,1.6870787143707275,0.11019501835107803,0.5372662776135585,2390,7093,
0.75,mean,1.3731128573417664,,,2390,7093,1.6870787143707275
1.0,k562_to_rpe1,1.1171938180923462,0.11019501835107803,0.5372662776135585,2390,7093,
1.0,rpe1_to_k562,2.069037675857544,0.11019501835107803,0.5372662776135585,2390,7093,
1.0,mean,1.593115746974945,,,2390,7093,2.069037675857544
1.25,k562_to_rpe1,1.1884400844573975,0.11019501835107803,0.5372662776135585,2390,7093,
1.25,rpe1_to_k562,2.476006269454956,0.11019501835107803,0.5372662776135585,2390,7093,
1.25,mean,1.8322231769561768,,,2390,7093,2.476006269454956
