variant_name,chrom,pos_grch38,ref,alt,lens,delta_c_discrete,delta_c_interp,max_abs_delta_D,signed_argmax_delta_D,argmax_layer_1based,delta_D_layer1,delta_D_layer2,delta_D_layer3,delta_D_layer4,delta_D_layer5,delta_D_layer6,delta_D_layer7,delta_D_layer8,percentile_vs_null,null_p95,null_p99,exceeds_null_p95
R175H,chr17,7675088,C,T,UR-gDTR,0,-0.19133472442626953,0.045275330543518066,-0.045275330543518066,4,0.017685651779174805,-0.02490323781967163,-0.019304633140563965,-0.045275330543518066,-0.0451277494430542,-0.01446235179901123,0.009382545948028564,0.0,18.0,0.13476788103580475,0.1495860993862153,False
R175H,chr17,7675088,C,T,JSD-gDTR,0,0.0,0.0028847195208072662,-0.0028847195208072662,5,0.0010271859355270863,-0.0007133269682526588,0.00102189090102911,-0.0013013309799134731,-0.0028847195208072662,-0.0001947428099811077,0.0022177095524966717,0.0,0.0,0.06309955529868602,0.08479535229504127,False
R248Q,chr17,7674220,C,T,UR-gDTR,0,-0.11240482330322266,0.023683130741119385,-0.023683130741119385,3,-0.0029560327529907227,0.012892007827758789,-0.023683130741119385,0.0031398534774780273,-0.012006282806396484,-0.012492656707763672,-0.021369457244873047,0.0,2.0,0.1320103347301483,0.1605272310972214,False
R248Q,chr17,7674220,C,T,JSD-gDTR,0,0.0,0.00788750872015953,-0.00788750872015953,1,-0.00788750872015953,-8.762814104557037e-05,-0.0031391382217407227,-0.0015907015185803175,-0.0014579087728634477,7.711281068623066e-05,0.001462514977902174,0.0,22.0,0.055047282762825486,0.05897297855466606,False
R273H,chr17,7673802,C,T,UR-gDTR,0,0.08238649368286133,0.03552436828613281,0.03552436828613281,6,0.012628376483917236,-0.006285369396209717,-0.002831578254699707,0.004624605178833008,-0.034313857555389404,0.03552436828613281,0.01137697696685791,0.0,13.0,0.13540665209293365,0.15372052073478712,False
R273H,chr17,7673802,C,T,JSD-gDTR,0,0.0,0.0033009350299835205,0.0033009350299835205,7,-0.0030166623182594776,-0.00016352301463484764,-0.0007477300241589546,-0.00023872405290603638,0.00018255505710840225,-0.0006884164176881313,0.0033009350299835205,0.0,0.0,0.05659081675112246,0.0707936849445105,False
R249S,chr17,7674230,C,A,UR-gDTR,0,-0.2092132568359375,0.05132579803466797,-0.05132579803466797,7,0.024747014045715332,-0.018540382385253906,-0.04440736770629883,-0.0468178391456604,-0.005644619464874268,-0.016739308834075928,-0.05132579803466797,0.0,34.0,0.15287507772445677,0.16160452604293826,False
R249S,chr17,7674230,C,A,JSD-gDTR,0,0.0,0.005222136154770851,0.005222136154770851,1,0.005222136154770851,3.2624229788780212e-06,-0.0009290385060012341,-0.0016038178000599146,-0.002901680301874876,-0.0009161150082945824,-0.0005218321457505226,0.0,9.0,0.05235459413379429,0.06567010998725893,False
G245S,chr17,7674241,G,A,UR-gDTR,0,0.07244729995727539,0.057360827922821045,-0.057360827922821045,1,-0.057360827922821045,-0.02595674991607666,-0.0084572434425354,-0.0214197039604187,0.01810842752456665,0.019865572452545166,-0.038335561752319336,0.0,40.0,0.1329947412014007,0.1794213956594467,False
G245S,chr17,7674241,G,A,JSD-gDTR,0,0.0,0.01674158312380314,-0.01674158312380314,2,-0.01585616171360016,-0.01674158312380314,-0.0027228500694036484,-0.0007639811374247074,0.00012566219083964825,-0.00022452184930443764,0.0024132756516337395,0.0,57.99999999999999,0.05333257783204317,0.06045688435435296,False
